{"RL-164.jpg": [[204, 151, 212, 159, 0.9738438537629385], [466, 629, 474, 637, 0.9116780336140611]], "RL-282.jpg": [[301, 416, 309, 424, 1.0], [471, 538, 479, 546, 0.9590006146153658], [282, 313, 290, 321, 0.9599168303400322]], "RL-237.jpg": [[326, 326, 334, 334, 0.6497526968981338], [265, 265, 273, 273, 0.9578887382393183], [422, 482, 430, 490, 0.9904379088426142]], "RL-217.jpg": [[227, 315, 235, 323, 1.0]], "RL-286.jpg": [[363, 343, 371, 351, 0.8599821130701844], [314, 578, 322, 586, 1.0]], "RL-055.jpg": [[289, 233, 297, 241, 1.0], [294, 298, 302, 306, 0.6322178003701764]], "RL-199.jpg": [[285, 138, 293, 146, 0.9957593126517601]], "RL-155.jpg": [[356, 425, 364, 433, 1.0], [284, 311, 292, 319, 0.8717516274901124]], "RL-311.jpg": [[261, 242, 269, 250, 1.0], [349, 340, 357, 348, 0.8547601476014761]], "RL-080.jpg": [[250, 219, 258, 227, 0.7065861941681585], [223, 223, 231, 231, 0.5467832449312319], [471, 523, 479, 531, 0.9437432298477758]], "RL-135.jpg": [[224, 197, 232, 205, 0.9761127902974651]]}