{"RL-098.jpg": [[471, 479, 479, 487, 0.9983230649766055], [176, 52, 184, 60, 0.9744737793833126], [471, 519, 479, 527, 0.999903866692405], [258, 241, 266, 249, 0.9703158853093656]], "RL-300.jpg": [[208, 183, 216, 191, 0.936784445569342], [306, 395, 314, 403, 0.9830906221291673], [222, 222, 230, 230, 0.5039570785508677]], "RL-111.jpg": [[183, 183, 191, 191, 0.7589030520333857], [69, 49, 77, 57, 0.977070200690294], [460, 521, 468, 529, 0.9983079038346993], [422, 397, 430, 405, 0.98343803080945]], "RL-322.jpg": [[146, 304, 154, 312, 0.9269033527975089]], "RL-252.jpg": [[216, 236, 224, 244, 0.7633580245861723], [450, 563, 458, 571, 1.0]], "RL-195.jpg": [[256, 233, 264, 241, 0.8841944814952144], [470, 468, 478, 476, 1.0], [305, 445, 313, 453, 0.8891331534402442]], "RL-059.jpg": [[447, 450, 455, 458, 0.8581155119320396], [302, 216, 310, 224, 0.9166934854018649]], "RL-141.jpg": [[471, 413, 479, 421, 0.9599792612632331], [343, 280, 351, 288, 0.9657236760666723]], "RL-066.jpg": [[192, 193, 200, 201, 0.9325027021949561], [202, 225, 210, 233, 0.9582305481425435], [468, 474, 476, 482, 1.0]], "RL-328.jpg": [[471, 324, 479, 332, 0.8277514421499383], [332, 218, 340, 226, 0.9705487448384106]], "RL-017.jpg": [[468, 471, 476, 479, 1.0], [266, 287, 274, 295, 0.9638687950669365]], "RL-185.jpg": [[228, 269, 236, 277, 0.9204850353043565], [470, 530, 478, 538, 0.9057633192051081]], "RL-142.jpg": [[467, 514, 475, 522, 1.0], [276, 260, 284, 268, 0.6227403569223039]], "RL-254.jpg": [[366, 369, 374, 377, 0.5431539856855677], [468, 428, 476, 436, 0.9957138860017686], [470, 287, 478, 295, 1.0], [202, 185, 210, 193, 0.6230565547445783]], "RL-028.jpg": [[294, 308, 302, 316, 0.9734400714110544], [462, 513, 470, 521, 1.0], [278, 247, 286, 255, 0.9683418352125788], [326, 329, 334, 337, 0.505226638362992]], "RL-036.jpg": [[453, 405, 461, 413, 0.9744169614844637]], "RL-139.jpg": [[380, 617, 388, 625, 0.9761936516910663], [215, 222, 223, 230, 0.9983054034498807], [446, 426, 454, 434, 0.9474437178071576], [366, 366, 374, 374, 0.5002175187776028]], "RL-200.jpg": [[276, 274, 284, 282, 0.607502344248754], [229, 412, 237, 420, 1.0], [228, 228, 236, 236, 0.5021988772725317], [411, 528, 419, 536, 0.9585391983243797], [270, 271, 278, 279, 0.5040523636627947]], "RL-042.jpg": [[464, 252, 472, 260, 1.0], [16, 0, 24, 8, 0.8137776443545088], [279, 59, 287, 67, 0.9680164814265294], [305, 292, 313, 300, 0.9901316766546673], [256, 265, 264, 273, 0.625478384421084]], "RL-233.jpg": [[447, 501, 455, 509, 0.9130959153188352], [198, 200, 206, 208, 0.739754401499814]], "RL-190.jpg": [[362, 391, 370, 399, 0.997538254118799]], "RL-084.jpg": [[471, 560, 479, 568, 0.6451100653284445], [233, 146, 241, 154, 0.923754047743469], [198, 135, 206, 143, 0.8904948778041074], [334, 434, 342, 442, 0.959760110130469]], "RL-117.jpg": [[131, 129, 139, 137, 0.5909799573968879], [465, 504, 473, 512, 0.9042441614466022], [187, 46, 195, 54, 1.0], [77, 68, 85, 76, 0.8713433867523617], [202, 188, 210, 196, 0.9228020791317308], [202, 206, 210, 214, 0.8916135428068694]], "RL-316.jpg": [[60, 61, 68, 69, 0.5150063341470978], [94, 93, 102, 101, 0.6118505747040123], [288, 289, 296, 297, 0.7907916695139664]], "RL-206.jpg": [[356, 352, 364, 360, 0.5699325318204697], [258, 253, 266, 261, 0.6257162655616701], [149, 138, 157, 146, 0.647152156848529], [129, 133, 137, 141, 0.6561618567064541], [224, 249, 232, 257, 0.9473974069576298]], "RL-067.jpg": [[234, 256, 242, 264, 0.8309883207988601], [451, 507, 459, 515, 1.0], [226, 223, 234, 231, 0.7529641866120944], [453, 458, 461, 466, 0.9886636539501358], [256, 241, 264, 249, 0.7488645040329077]], "RL-247.jpg": [[237, 287, 245, 295, 1.0], [428, 445, 436, 453, 0.8959478985458471], [49, 1, 57, 9, 0.9284139305747245], [117, 117, 125, 125, 0.8874684826402117]], "RL-115.jpg": [[287, 236, 295, 244, 1.0], [448, 448, 456, 456, 0.8245747582802446], [449, 449, 457, 457, 0.8224622084090827]], "RL-108.jpg": [[167, 149, 175, 157, 1.0]], "RL-018.jpg": [[272, 377, 280, 385, 0.9747166162594687], [397, 397, 405, 405, 0.7767661978525341]], "RL-306.jpg": [[126, 49, 134, 57, 1.0], [276, 330, 284, 338, 0.8194796713162324], [425, 427, 433, 435, 0.5069128278238746], [14, 1, 22, 9, 0.9968421017843828], [366, 346, 374, 354, 0.7897147900831522]], "RL-083.jpg": [[471, 529, 479, 537, 0.908233975566686], [198, 229, 206, 237, 0.9011582135583783]], "RL-194.jpg": [[263, 307, 271, 315, 0.9392635446058798], [468, 497, 476, 505, 1.0], [105, 7, 113, 15, 0.9750748016690631], [225, 156, 233, 164, 0.9097595244949763], [214, 216, 222, 224, 0.5303285789819877], [218, 218, 226, 226, 0.6230511984529744]], "RL-279.jpg": [[280, 412, 288, 420, 1.0], [471, 626, 479, 634, 0.7367022732431819], [402, 237, 410, 245, 0.6889118915588416]], "RL-232.jpg": [[304, 253, 312, 261, 1.0], [314, 326, 322, 334, 0.9887886528603683]], "RL-103.jpg": [[0, 0, 8, 8, 0.5080910071076996], [244, 178, 252, 186, 0.902234659105936], [269, 357, 277, 365, 0.9220389527922519], [182, 184, 190, 192, 0.5282249957568463], [461, 522, 469, 530, 1.0]], "RL-296.jpg": [], "RL-072.jpg": [[231, 153, 239, 161, 0.7627901164083251], [428, 432, 436, 440, 0.8226068150634925], [463, 543, 471, 551, 0.9844313567114682], [274, 258, 282, 266, 0.6568610401108174]], "RL-191.jpg": [[115, 89, 123, 97, 0.911594387635301], [451, 444, 459, 452, 0.8419419200491624], [442, 590, 450, 598, 1.0], [223, 217, 231, 225, 0.839264279475045]], "RL-051.jpg": [[242, 240, 250, 248, 0.6234296723276058], [346, 274, 354, 282, 1.0]], "RL-266.jpg": [], "RL-116.jpg": [[241, 258, 249, 266, 0.8459082974612968], [391, 391, 399, 399, 0.5137802920014215], [457, 517, 465, 525, 0.986968459286279], [326, 324, 334, 332, 0.5303889569285936]], "RL-202.jpg": [[263, 301, 271, 309, 0.9371080514934605]], "RL-041.jpg": [], "RL-307.jpg": [[269, 268, 277, 276, 0.6677964137631345], [245, 216, 253, 224, 0.8245904073293941], [258, 255, 266, 263, 0.6694274212530705], [464, 388, 472, 396, 0.9049703963449596]], "RL-063.jpg": [[223, 319, 231, 327, 1.0]], "RL-228.jpg": [[260, 287, 268, 295, 0.8974335463185154], [198, 78, 206, 86, 0.9440946733713672]], "RL-203.jpg": [[250, 232, 258, 240, 0.8888226790209224], [440, 465, 448, 473, 0.9531849459503484], [423, 552, 431, 560, 1.0], [455, 455, 463, 463, 0.8693160142961018], [218, 119, 226, 127, 0.9076646884761798]], "RL-026.jpg": [[256, 309, 264, 317, 1.0], [463, 490, 471, 498, 0.9902330265583136], [29, 29, 37, 37, 0.9900333799935394]], "RL-015.jpg": [[272, 271, 280, 279, 0.5009441313061133], [201, 213, 209, 221, 0.9612065916177224]], "RL-122.jpg": [[471, 485, 479, 493, 0.987581759510033], [199, 174, 207, 182, 1.0], [70, 101, 78, 109, 0.7301726786781569]]}