{"RL-098.jpg": [], "RL-300.jpg": [[241.66666666666666, 315.6666666666667, 246.0, 320.0], [242.33333333333334, 331, 246.66666666666666, 334.6666666666667], [253, 263, 256, 266]], "RL-111.jpg": [[238.66666666666666, 272.3333333333333, 242.0, 276.0], [216, 344, 220, 348], [238.66666666666666, 385.3333333333333, 242.33333333333334, 389.0]], "RL-322.jpg": [[273, 256, 276, 260], [259, 305, 262, 308], [271, 349, 274, 352]], "RL-252.jpg": [[215.33333333333331, 241.66666666666666, 218.66666666666669, 245.0], [198, 306, 202, 310], [218.33333333333331, 338.3333333333333, 222.0, 343.0]], "RL-195.jpg": [[185.66666666666669, 277.6666666666667, 191.33333333333331, 284.3333333333333], [189.33333333333331, 333.6666666666667, 194.0, 338.6666666666667], [231.33333333333334, 415, 236.66666666666666, 421.3333333333333], [221.33333333333331, 108.66666666666667, 227.0, 114.66666666666667]], "RL-059.jpg": [[209, 320, 213.66666666666669, 325.3333333333333], [237, 192, 242, 199]], "RL-141.jpg": [], "RL-066.jpg": [], "RL-328.jpg": [], "RL-017.jpg": [[181.66666666666669, 348, 186.0, 352.6666666666667], [212.33333333333331, 403.6666666666667, 217.33333333333331, 409.3333333333333]], "RL-185.jpg": [[236.33333333333334, 149.33333333333334, 244.66666666666666, 157.66666666666666], [216.66666666666669, 263, 224.33333333333334, 271.3333333333333], [219, 299.3333333333333, 227.33333333333334, 307.3333333333333], [249, 353.6666666666667, 257, 361.0], [182, 4, 189, 12], [195, 35, 201, 41], [240, 68, 245, 73], [243, 406, 248, 410], [196, 487, 202, 493], [187, 513, 192, 521], [226, 567, 235, 576]], "RL-142.jpg": [], "RL-254.jpg": [], "RL-028.jpg": [[220, 208.5, 224.5, 213.5], [201.5, 310.5, 205.5, 315.0], [204, 343.5, 208.5, 348.0], [232, 393, 235, 396]], "RL-036.jpg": [[202, 20.333333333333332, 210.33333333333331, 29.0], [149.33333333333331, 219.66666666666666, 159.0, 229.33333333333334], [162.66666666666669, 296.6666666666667, 172.33333333333331, 305.3333333333333], [208.66666666666669, 400, 217.33333333333331, 409.3333333333333], [234, 401, 240, 406]], "RL-139.jpg": [[212, 225, 218.33333333333331, 232], [172.66666666666669, 338.6666666666667, 180.0, 345.6666666666667], [214.66666666666669, 420.6666666666667, 220.66666666666669, 427.6666666666667]], "RL-200.jpg": [], "RL-042.jpg": [[187.33333333333331, 246, 195.33333333333331, 254.66666666666666], [147, 342.6666666666667, 155, 351.0], [187, 410.6666666666667, 196.33333333333331, 419.6666666666667]], "RL-233.jpg": [], "RL-190.jpg": [[278, 231, 281.66666666666663, 235], [276.66666666666663, 267.6666666666667, 280.3333333333333, 272.6666666666667], [292, 148.5, 295.5, 152.0], [244.66666666666666, 488, 252.66666666666666, 497.6666666666667], [300, 332, 303, 337]], "RL-084.jpg": [], "RL-117.jpg": [[202.5, 313.5, 206.0, 317.0], [216.5, 228, 220.0, 231.5], [219, 339, 222, 343]], "RL-316.jpg": [], "RL-206.jpg": [[144, 361.3333333333333, 150.33333333333331, 368.0], [197, 440.6666666666667, 202, 446.6666666666667]], "RL-067.jpg": [], "RL-247.jpg": [[198, 143.33333333333334, 218.33333333333331, 163.33333333333334], [184.66666666666669, 494.3333333333333, 204.66666666666669, 513.6666666666666]], "RL-115.jpg": [[284, 240, 290.33333333333337, 246.66666666666666], [247, 341.3333333333333, 253.66666666666666, 347.6666666666667], [282, 416, 288.33333333333337, 422.3333333333333]], "RL-108.jpg": [[284.33333333333337, 456.3333333333333, 289.6666666666667, 462.3333333333333], [235.66666666666666, 610.6666666666666, 242.0, 618.0]], "RL-018.jpg": [[274, 378.3333333333333, 279, 383.0], [237, 321.3333333333333, 242.33333333333334, 327.3333333333333], [267, 105.33333333333333, 271.66666666666663, 110.66666666666667]], "RL-306.jpg": [], "RL-083.jpg": [], "RL-194.jpg": [], "RL-279.jpg": [[279, 140, 285.5, 147], [277.5, 415.5, 282.5, 421.5], [233.5, 310, 240.0, 317]], "RL-232.jpg": [[251.33333333333334, 306.3333333333333, 255.33333333333334, 311.0], [254, 330.6666666666667, 257.33333333333337, 334.3333333333333], [276.66666666666663, 372.3333333333333, 280.3333333333333, 376.0], [271, 217, 274, 221]], "RL-103.jpg": [], "RL-296.jpg": [[248.5, 300.5, 253.0, 304.5], [287.66666666666663, 197.33333333333334, 292.0, 201.66666666666666]], "RL-072.jpg": [], "RL-191.jpg": [[212.66666666666669, 253.33333333333334, 216.66666666666669, 258.3333333333333], [195.66666666666669, 317.6666666666667, 199.33333333333331, 321.6666666666667], [215.66666666666669, 352.6666666666667, 220.0, 356.6666666666667], [225, 253, 229, 257], [227, 352, 231, 356]], "RL-051.jpg": [[219, 315.6666666666667, 226, 323.6666666666667], [273.33333333333337, 468, 281.0, 476.6666666666667], [269.5, 94, 276.0, 101.5], [226, 386, 233, 393]], "RL-266.jpg": [[291.5, 41.5, 295.5, 46.0], [218.66666666666669, 324, 224.33333333333334, 330], [275.66666666666663, 411.6666666666667, 282.0, 417.3333333333333]], "RL-116.jpg": [[216, 107.5, 221.5, 112.5], [158.33333333333331, 276.6666666666667, 164.66666666666669, 283.3333333333333], [161, 358.3333333333333, 167.33333333333331, 365.3333333333333], [209.33333333333331, 456.6666666666667, 217.0, 463.6666666666667]], "RL-202.jpg": [[146, 188.66666666666666, 154, 198.33333333333334]], "RL-041.jpg": [], "RL-307.jpg": [[243, 203, 246.66666666666666, 207], [216.66666666666669, 283, 220.0, 287], [244, 329, 248, 333]], "RL-063.jpg": [[223.66666666666669, 318.6666666666667, 231.0, 327.3333333333333], [315.66666666666663, 48.333333333333336, 321.3333333333333, 53.333333333333336], [297, 530.6666666666666, 304, 538.6666666666666]], "RL-228.jpg": [[147.33333333333331, 348, 153.66666666666669, 354.6666666666667], [196.33333333333331, 432.6666666666667, 203.33333333333331, 439.3333333333333], [194.5, 80, 201.0, 87]], "RL-203.jpg": [], "RL-026.jpg": [], "RL-015.jpg": [[204.66666666666669, 209.66666666666666, 210.0, 216.0], [147.33333333333331, 324.6666666666667, 154.66666666666669, 331.3333333333333], [195.66666666666669, 411, 202.0, 417.6666666666667], [232, 286, 235, 289], [225, 303, 228, 306], [226, 344, 229, 347]], "RL-122.jpg": [[200, 174, 207, 181], [210, 445, 219, 453]]}